{"depth": {"conversation_id": 1583843365233504257, "party": "Republican", "depth": 64, "size": 1760, "width": 564, "average_clustering": 0.05346260387811634, "density": 0.0036286306495464213, "diameter": 7, "reply_count": 0, "unique_users": 609, "reply_to_reply_proportion": 0.6789772727272727, "echo_chamber_proportion": 0.030141843971631204, "follower_count": 740412}, "width": {"conversation_id": 1583448814450462720, "party": "Republican", "depth": 25, "size": 41389, "width": 36463, "average_clustering": 0.025779347877977754, "density": 5.679476261190957e-05, "diameter": 8, "reply_count": 0, "unique_users": 37110, "reply_to_reply_proportion": 0.11899296914639156, "echo_chamber_proportion": 0.007679017085813016, "follower_count": 1212029}, "average_clustering": {"conversation_id": 1582778610104115202, "party": "Democrat", "depth": 0, "size": 1, "width": 0, "average_clustering": 1.0, "density": 1.3333333333333333, "diameter": 1, "reply_count": 3, "unique_users": 4, "reply_to_reply_proportion": 0.0, "echo_chamber_proportion": 0, "follower_count": 508382}, "reply_to_reply_proportion": {"conversation_id": 1584916875426791424, "party": "Republican", "depth": 12, "size": 31, "width": 5, "average_clustering": 0.0, "density": 0.2857142857142857, "diameter": 4, "reply_count": 0, "unique_users": 8, "reply_to_reply_proportion": 0.8064516129032258, "echo_chamber_proportion": 0.2, "follower_count": 116071}}