{"size": {"conversation_id": 1583448814450462720, "party": "Republican", "depth": 25, "size": 41389, "width": 36463, "average_clustering": 0.025642096720294074, "density": 5.679476261190957e-05, "diameter": 8, "assortativity": -0.08348092053207018, "reply_count": 0, "unique_users": 37110, "reply_to_reply_proportion": 0.11899296914639156, "echo_chamber_proportion": 0.007679017085813016, "follower_count": 1212029}, "width": {"conversation_id": 1583448814450462720, "party": "Republican", "depth": 25, "size": 41389, "width": 36463, "average_clustering": 0.025642096720294074, "density": 5.679476261190957e-05, "diameter": 8, "assortativity": -0.08348092053207018, "reply_count": 0, "unique_users": 37110, "reply_to_reply_proportion": 0.11899296914639156, "echo_chamber_proportion": 0.007679017085813016, "follower_count": 1212029}, "depth": {"conversation_id": 1583843365233504257, "party": "Republican", "depth": 64, "size": 1760, "width": 564, "average_clustering": 0.05637119113573407, "density": 0.0036286306495464213, "diameter": 7, "assortativity": 0.3607099136049403, "reply_count": 0, "unique_users": 609, "reply_to_reply_proportion": 0.6789772727272727, "echo_chamber_proportion": 0.030141843971631204, "follower_count": 740412}, "density": {"conversation_id": 1583570549493895168, "party": "Democrat", "depth": 2, "size": 5, "width": 3, "average_clustering": 0.464, "density": 2.0, "diameter": 1, "assortativity": 0, "reply_count": 1, "unique_users": 2, "reply_to_reply_proportion": 0.2, "echo_chamber_proportion": 0.0, "follower_count": 20923}, "reply_to_reply_proportion": {"conversation_id": 1584916875426791424, "party": "Republican", "depth": 12, "size": 31, "width": 5, "average_clustering": 0.0, "density": 0.2857142857142857, "diameter": 4, "assortativity": 0.0, "reply_count": 0, "unique_users": 8, "reply_to_reply_proportion": 0.8064516129032258, "echo_chamber_proportion": 0.2, "follower_count": 116071}, "echo_chamber_proportion": {"conversation_id": 1584920109923110914, "party": "Democrat", "depth": 5, "size": 7, "width": 1, "average_clustering": 0.332, "density": 1.0, "diameter": 2, "assortativity": 0, "reply_count": 2, "unique_users": 3, "reply_to_reply_proportion": 0.7142857142857143, "echo_chamber_proportion": 1.0, "follower_count": 54466}, "assortativity": {"conversation_id": 1583235488647110656, "party": "Democrat", "depth": 5, "size": 34, "width": 25, "average_clustering": 0.074, "density": 0.07126436781609195, "diameter": 5, "assortativity": 1.0000000000000007, "reply_count": 0, "unique_users": 30, "reply_to_reply_proportion": 0.23529411764705882, "echo_chamber_proportion": 0.04, "follower_count": 593188}}