{
    "depth": {
        "conversation_id": 1584978540939735040,
        "party": "Republican",
        "depth": 46,
        "size": 625,
        "width": 302,
        "average_clustering": 0.08020989505247376,
        "density": 0.0069986496722985216,
        "diameter": 6,
        "assortativity": -0.01276982257617482,
        "reply_count": 0,
        "unique_users": 347,
        "reply_to_reply_proportion": 0.5152,
        "echo_chamber_proportion": 0.076158940397351,
        "follower_count": 379755
    },
    "size": {
        "conversation_id": 1584896617760493568,
        "party": "Republican",
        "depth": 9,
        "size": 994,
        "width": 910,
        "average_clustering": 0.025098425196850394,
        "density": 0.002478296994527691,
        "diameter": 6,
        "assortativity": -0.3819422091665294,
        "reply_count": 0,
        "unique_users": 837,
        "reply_to_reply_proportion": 0.08350100603621731,
        "echo_chamber_proportion": 0.015384615384615385,
        "follower_count": 435420
    },
    "width": {
        "conversation_id": 1585043529189007362,
        "party": "Republican",
        "depth": 13,
        "size": 979,
        "width": 926,
        "average_clustering": 0.020209580838323353,
        "density": 0.002388697169338815,
        "diameter": 4,
        "assortativity": 0.06741998624632482,
        "reply_count": 0,
        "unique_users": 853,
        "reply_to_reply_proportion": 0.05311542390194075,
        "echo_chamber_proportion": 0.00755939524838013,
        "follower_count": 364922
    },
    "average_clustering": {
        "conversation_id": 1583144688751550464,
        "party": "Democrat",
        "depth": 31,
        "size": 436,
        "width": 138,
        "average_clustering": 0.17527472527472526,
        "density": 0.014880132267842381,
        "diameter": 5,
        "assortativity": -0.11475410529335767,
        "reply_count": 0,
        "unique_users": 191,
        "reply_to_reply_proportion": 0.6811926605504587,
        "echo_chamber_proportion": 0.06521739130434782,
        "follower_count": 755728
    },
    "density": {
        "conversation_id": 1583935431309393920,
        "party": "Republican",
        "depth": 6,
        "size": 102,
        "width": 70,
        "average_clustering": 0.096,
        "density": 0.03974284044418469,
        "diameter": 4,
        "assortativity": -0.13912166872805054,
        "reply_count": 0,
        "unique_users": 59,
        "reply_to_reply_proportion": 0.30392156862745096,
        "echo_chamber_proportion": 0.04285714285714286,
        "follower_count": 333037
    },
    "diameter": {
        "conversation_id": 1583173258790117377,
        "party": "Republican",
        "depth": 2,
        "size": 470,
        "width": 458,
        "average_clustering": 0.013717421124828532,
        "density": 0.003852052644719478,
        "diameter": 13,
        "assortativity": 0.018099552130745346,
        "reply_count": 0,
        "unique_users": 548,
        "reply_to_reply_proportion": 0.023404255319148935,
        "echo_chamber_proportion": 0.002183406113537118,
        "follower_count": 1212029
    },
    "assortativity": {
        "conversation_id": 1585042839842729984,
        "party": "Democrat",
        "depth": 3,
        "size": 350,
        "width": 322,
        "average_clustering": 0.05196629213483146,
        "density": 0.007388188781813689,
        "diameter": 4,
        "assortativity": 1.0,
        "reply_count": 0,
        "unique_users": 286,
        "reply_to_reply_proportion": 0.07714285714285714,
        "echo_chamber_proportion": 0.015527950310559006,
        "follower_count": 3471716
    },
    "reply_count": {
        "conversation_id": 1582836074442653697,
        "party": "Democrat",
        "depth": 3,
        "size": 198,
        "width": 179,
        "average_clustering": 0.035211267605633804,
        "density": 0.009780482503803522,
        "diameter": 8,
        "assortativity": 0.22595428628633815,
        "reply_count": 27,
        "unique_users": 223,
        "reply_to_reply_proportion": 0.09090909090909091,
        "echo_chamber_proportion": 0.0111731843575419,
        "follower_count": 3305250
    },
    "unique_users": {
        "conversation_id": 1585043529189007362,
        "party": "Republican",
        "depth": 13,
        "size": 979,
        "width": 926,
        "average_clustering": 0.020209580838323353,
        "density": 0.002388697169338815,
        "diameter": 4,
        "assortativity": 0.06741998624632482,
        "reply_count": 0,
        "unique_users": 853,
        "reply_to_reply_proportion": 0.05311542390194075,
        "echo_chamber_proportion": 0.00755939524838013,
        "follower_count": 364922
    },
    "reply_to_reply_proportion": {
        "conversation_id": 1585053352060407809,
        "party": "Republican",
        "depth": 6,
        "size": 229,
        "width": 58,
        "average_clustering": 0.071,
        "density": 0.013395892832857336,
        "diameter": 6,
        "assortativity": -0.13775733956486885,
        "reply_count": 2,
        "unique_users": 171,
        "reply_to_reply_proportion": 0.74235807860262,
        "echo_chamber_proportion": 0.1206896551724138,
        "follower_count": 235450
    },
    "echo_chamber_proportion": {
        "conversation_id": 1584908112372301824,
        "party": "Democrat",
        "depth": 12,
        "size": 212,
        "width": 103,
        "average_clustering": 0.151,
        "density": 0.02431476569407604,
        "diameter": 6,
        "assortativity": 0.08681852377252995,
        "reply_count": 0,
        "unique_users": 117,
        "reply_to_reply_proportion": 0.5094339622641509,
        "echo_chamber_proportion": 0.1650485436893204,
        "follower_count": 128184
    }
}