{
    "depth": {
        "conversation_id": 1584978540939735040,
        "party": "Republican",
        "depth": 46,
        "size": 709,
        "width": 344,
        "average_clustering": 0.0639763779527559,
        "density": 0.006137322593018795,
        "diameter": 6,
        "assortativity": -0.10841297770141259,
        "reciprocity": 0.125,
        "reply_count": 0,
        "unique_users": 393,
        "reply_to_reply_proportion": 0.5133991537376587,
        "reply_with_reply_proportion": 0.06686046511627906,
        "follower_count": 379755
    },
    "size": {
        "conversation_id": 1584896617760493568,
        "party": "Republican",
        "depth": 9,
        "size": 981,
        "width": 898,
        "average_clustering": 0.027222777222777224,
        "density": 0.002518824666743532,
        "diameter": 6,
        "assortativity": -0.1292962356792142,
        "reciprocity": 0.01629802095459837,
        "reply_count": 0,
        "unique_users": 824,
        "reply_to_reply_proportion": 0.0835881753312946,
        "reply_with_reply_proportion": 0.015590200445434299,
        "follower_count": 435420
    },
    "width": {
        "conversation_id": 1585043529189007362,
        "party": "Republican",
        "depth": 13,
        "size": 968,
        "width": 914,
        "average_clustering": 0.020202020202020204,
        "density": 0.002408829577405682,
        "diameter": 4,
        "assortativity": 0.344665774420975,
        "reciprocity": 0.004634994206257242,
        "reply_count": 0,
        "unique_users": 846,
        "reply_to_reply_proportion": 0.05475206611570248,
        "reply_with_reply_proportion": 0.007658643326039387,
        "follower_count": 364922
    },
    "average_clustering": {
        "conversation_id": 1584908112372301824,
        "party": "Democrat",
        "depth": 12,
        "size": 213,
        "width": 103,
        "average_clustering": 0.152,
        "density": 0.024047515572939302,
        "diameter": 6,
        "assortativity": -0.06169902429274322,
        "reciprocity": 0.15555555555555556,
        "reply_count": 0,
        "unique_users": 118,
        "reply_to_reply_proportion": 0.5117370892018779,
        "reply_with_reply_proportion": 0.1650485436893204,
        "follower_count": 128184
    },
    "density": {
        "conversation_id": 1584547891125051392,
        "party": "Democrat",
        "depth": 6,
        "size": 106,
        "width": 67,
        "average_clustering": 0.105,
        "density": 0.040100250626566414,
        "diameter": 4,
        "assortativity": 0.17407765595569785,
        "reciprocity": 0.11764705882352941,
        "reply_count": 0,
        "unique_users": 57,
        "reply_to_reply_proportion": 0.3584905660377358,
        "reply_with_reply_proportion": 0.1044776119402985,
        "follower_count": 128184
    },
    "diameter": {
        "conversation_id": 1583522348187013122,
        "party": "Democrat",
        "depth": 2,
        "size": 387,
        "width": 377,
        "average_clustering": 0.018543956043956044,
        "density": 0.004484840687062889,
        "diameter": 10,
        "assortativity": -0.005592345167690486,
        "reciprocity": 0.05189620758483034,
        "reply_count": 0,
        "unique_users": 461,
        "reply_to_reply_proportion": 0.023255813953488372,
        "reply_with_reply_proportion": 0.002652519893899204,
        "follower_count": 3305250
    },
    "assortativity": {
        "conversation_id": 1583563577260388352,
        "party": "Republican",
        "depth": 2,
        "size": 126,
        "width": 121,
        "average_clustering": 0.006,
        "density": 0.01680440771349862,
        "diameter": 5,
        "assortativity": 1.0,
        "reciprocity": 0.0,
        "reply_count": 0,
        "unique_users": 131,
        "reply_to_reply_proportion": 0.031746031746031744,
        "reply_with_reply_proportion": 0.0,
        "follower_count": 740412
    },
    "reciprocity": {
        "conversation_id": 1583843365233504257,
        "party": "Republican",
        "depth": 2,
        "size": 136,
        "width": 134,
        "average_clustering": 0.08414704192992534,
        "density": 0.01554083885209713,
        "diameter": 9,
        "assortativity": -0.20597589851480627,
        "reciprocity": 0.2660098522167488,
        "reply_count": 0,
        "unique_users": 159,
        "reply_to_reply_proportion": 0.007352941176470588,
        "reply_with_reply_proportion": 0.0,
        "follower_count": 740412
    },
    "reply_count": {
        "conversation_id": 1584942644349652993,
        "party": "Democrat",
        "depth": 13,
        "size": 704,
        "width": 437,
        "average_clustering": 0.05787348586810229,
        "density": 0.004235423542354236,
        "diameter": 6,
        "assortativity": 0.3349566706830726,
        "reciprocity": 0.032846715328467155,
        "reply_count": 4,
        "unique_users": 502,
        "reply_to_reply_proportion": 0.3778409090909091,
        "reply_with_reply_proportion": 0.020594965675057208,
        "follower_count": 8009856
    },
    "unique_users": {
        "conversation_id": 1585043529189007362,
        "party": "Republican",
        "depth": 13,
        "size": 968,
        "width": 914,
        "average_clustering": 0.020202020202020204,
        "density": 0.002408829577405682,
        "diameter": 4,
        "assortativity": 0.344665774420975,
        "reciprocity": 0.004634994206257242,
        "reply_count": 0,
        "unique_users": 846,
        "reply_to_reply_proportion": 0.05475206611570248,
        "reply_with_reply_proportion": 0.007658643326039387,
        "follower_count": 364922
    },
    "reply_to_reply_proportion": {
        "conversation_id": 1585053352060407809,
        "party": "Republican",
        "depth": 18,
        "size": 588,
        "width": 78,
        "average_clustering": 0.05676126878130217,
        "density": 0.005363753958695749,
        "diameter": 6,
        "assortativity": 0.23602056937139204,
        "reciprocity": 0.10256410256410256,
        "reply_count": 2,
        "unique_users": 422,
        "reply_to_reply_proportion": 0.8656462585034014,
        "reply_with_reply_proportion": 0.11538461538461539,
        "follower_count": 235450
    },
    "reply_with_reply_proportion": {
        "conversation_id": 1584908112372301824,
        "party": "Democrat",
        "depth": 12,
        "size": 213,
        "width": 103,
        "average_clustering": 0.152,
        "density": 0.024047515572939302,
        "diameter": 6,
        "assortativity": -0.06169902429274322,
        "reciprocity": 0.15555555555555556,
        "reply_count": 0,
        "unique_users": 118,
        "reply_to_reply_proportion": 0.5117370892018779,
        "reply_with_reply_proportion": 0.1650485436893204,
        "follower_count": 128184
    }
}