{"reply_with_reply_proportion": {"conversation_id": 1584908112372301824, "party": "Democrat", "depth": 12, "size": 213, "width": 103, "average_clustering": 0.152, "density": 0.024047515572939302, "diameter": 6, "assortativity": -0.06169902429274322, "reciprocity": 0.15555555555555556, "reply_count": 0, "unique_users": 118, "reply_to_reply_proportion": 0.5117370892018779, "reply_with_reply_proportion": 0.1650485436893204, "follower_count": 128184}, "average_clustering": {"conversation_id": 1584908112372301824, "party": "Democrat", "depth": 12, "size": 213, "width": 103, "average_clustering": 0.152, "density": 0.024047515572939302, "diameter": 6, "assortativity": -0.06169902429274322, "reciprocity": 0.15555555555555556, "reply_count": 0, "unique_users": 118, "reply_to_reply_proportion": 0.5117370892018779, "reply_with_reply_proportion": 0.1650485436893204, "follower_count": 128184}, "reply_to_reply_proportion": {"conversation_id": 1585053352060407809, "party": "Republican", "depth": 18, "size": 588, "width": 78, "average_clustering": 0.05676126878130217, "density": 0.005363753958695749, "diameter": 6, "assortativity": 0.23602056937139204, "reciprocity": 0.10256410256410256, "reply_count": 2, "unique_users": 422, "reply_to_reply_proportion": 0.8656462585034014, "reply_with_reply_proportion": 0.11538461538461539, "follower_count": 235450}, "width": {"conversation_id": 1585043529189007362, "party": "Republican", "depth": 13, "size": 968, "width": 914, "average_clustering": 0.020202020202020204, "density": 0.002408829577405682, "diameter": 4, "assortativity": 0.344665774420975, "reciprocity": 0.004634994206257242, "reply_count": 0, "unique_users": 846, "reply_to_reply_proportion": 0.05475206611570248, "reply_with_reply_proportion": 0.007658643326039387, "follower_count": 364922}}