{"size": {"conversation_id": 1583448814450462720, "party": "Republican", "depth": 25, "size": 41389, "width": 36463, "average_clustering": 0.025779347877977754, "density": 5.679476261190957e-05, "diameter": 8, "reply_count": 0, "unique_users": 37110, "reply_to_reply_proportion": 0.11899296914639156, "echo_chamber_proportion": 0.007679017085813016, "follower_count": 1212029}, "width": {"conversation_id": 1583448814450462720, "party": "Republican", "depth": 25, "size": 41389, "width": 36463, "average_clustering": 0.025779347877977754, "density": 5.679476261190957e-05, "diameter": 8, "reply_count": 0, "unique_users": 37110, "reply_to_reply_proportion": 0.11899296914639156, "echo_chamber_proportion": 0.007679017085813016, "follower_count": 1212029}, "density": {"conversation_id": 1583570549493895168, "party": "Democrat", "depth": 2, "size": 5, "width": 3, "average_clustering": 0.511, "density": 2.0, "diameter": 1, "reply_count": 1, "unique_users": 2, "reply_to_reply_proportion": 0.2, "echo_chamber_proportion": 0.0, "follower_count": 20923}, "unique_users": {"conversation_id": 1583448814450462720, "party": "Republican", "depth": 25, "size": 41389, "width": 36463, "average_clustering": 0.025779347877977754, "density": 5.679476261190957e-05, "diameter": 8, "reply_count": 0, "unique_users": 37110, "reply_to_reply_proportion": 0.11899296914639156, "echo_chamber_proportion": 0.007679017085813016, "follower_count": 1212029}, "reply_to_reply_proportion": {"conversation_id": 1584916875426791424, "party": "Republican", "depth": 12, "size": 31, "width": 5, "average_clustering": 0.0, "density": 0.2857142857142857, "diameter": 4, "reply_count": 0, "unique_users": 8, "reply_to_reply_proportion": 0.8064516129032258, "echo_chamber_proportion": 0.2, "follower_count": 116071}}