{
    "depth": {
        "conversation_id": 1583843365233504257,
        "party": "Republican",
        "depth": 64,
        "size": 1760,
        "width": 564,
        "average_clustering": 0.057617728531855955,
        "density": 0.0036286306495464213,
        "diameter": 7,
        "assortativity": 0.3607099136049403,
        "reply_count": 0,
        "unique_users": 609,
        "follower_count": 740412
    },
    "size": {
        "conversation_id": 1583448814450462720,
        "party": "Republican",
        "depth": 25,
        "size": 41389,
        "width": 36463,
        "average_clustering": 0.025815152527808277,
        "density": 5.679476261190957e-05,
        "diameter": 8,
        "assortativity": -0.08348092053207018,
        "reply_count": 0,
        "unique_users": 37110,
        "follower_count": 1212029
    },
    "width": {
        "conversation_id": 1583448814450462720,
        "party": "Republican",
        "depth": 25,
        "size": 41389,
        "width": 36463,
        "average_clustering": 0.025815152527808277,
        "density": 5.679476261190957e-05,
        "diameter": 8,
        "assortativity": -0.08348092053207018,
        "reply_count": 0,
        "unique_users": 37110,
        "follower_count": 1212029
    },
    "average_clustering": {
        "conversation_id": 1582778610104115202,
        "party": "Democrat",
        "depth": 0,
        "size": 1,
        "width": 0,
        "average_clustering": 1.0,
        "density": 1.3333333333333333,
        "diameter": 1,
        "assortativity": 0,
        "reply_count": 3,
        "unique_users": 4,
        "follower_count": 508382
    },
    "density": {
        "conversation_id": 1583570549493895168,
        "party": "Democrat",
        "depth": 2,
        "size": 5,
        "width": 3,
        "average_clustering": 0.499,
        "density": 2.0,
        "diameter": 1,
        "assortativity": 0,
        "reply_count": 1,
        "unique_users": 2,
        "follower_count": 20923
    },
    "diameter": {
        "conversation_id": 1583173258790117377,
        "party": "Republican",
        "depth": 2,
        "size": 470,
        "width": 458,
        "average_clustering": 0.012345679012345678,
        "density": 0.003852052644719478,
        "diameter": 13,
        "assortativity": 0.018099552130745346,
        "reply_count": 0,
        "unique_users": 548,
        "follower_count": 1212029
    },
    "assortativity": {
        "conversation_id": 1583235488647110656,
        "party": "Democrat",
        "depth": 5,
        "size": 34,
        "width": 25,
        "average_clustering": 0.056,
        "density": 0.07126436781609195,
        "diameter": 5,
        "assortativity": 1.0000000000000007,
        "reply_count": 0,
        "unique_users": 30,
        "follower_count": 593188
    },
    "reply_count": {
        "conversation_id": 1582836074442653697,
        "party": "Democrat",
        "depth": 3,
        "size": 198,
        "width": 179,
        "average_clustering": 0.036619718309859155,
        "density": 0.009780482503803522,
        "diameter": 8,
        "assortativity": 0.22595428628633815,
        "reply_count": 27,
        "unique_users": 223,
        "follower_count": 3305250
    },
    "unique_users": {
        "conversation_id": 1583448814450462720,
        "party": "Republican",
        "depth": 25,
        "size": 41389,
        "width": 36463,
        "average_clustering": 0.025815152527808277,
        "density": 5.679476261190957e-05,
        "diameter": 8,
        "assortativity": -0.08348092053207018,
        "reply_count": 0,
        "unique_users": 37110,
        "follower_count": 1212029
    }
}