{"reply_with_reply_proportion": {"conversation_id": 1583843365233504257, "party": "Republican", "depth": 2, "size": 136, "width": 134, "average_clustering": 0.08414704192992534, "density": 0.01554083885209713, "diameter": 9, "assortativity": -0.20597589851480627, "reciprocity": 0.2660098522167488, "reply_count": 0, "unique_users": 159, "reply_to_reply_proportion": 0.007352941176470588, "reply_with_reply_proportion": 0.0, "follower_count": 740412}, "average_clustering": {"conversation_id": 1583588262068617217, "party": "Republican", "depth": 2, "size": 174, "width": 172, "average_clustering": 0.0, "density": 0.011695906432748537, "diameter": 6, "assortativity": -0.5773502691896258, "reciprocity": 0.011695906432748537, "reply_count": 0, "unique_users": 181, "reply_to_reply_proportion": 0.005747126436781609, "reply_with_reply_proportion": 0.0, "follower_count": 2854548}, "reply_to_reply_proportion": {"conversation_id": 1583903558126039040, "party": "Republican", "depth": 1, "size": 119, "width": 118, "average_clustering": 0.022, "density": 0.017541229385307347, "diameter": 4, "assortativity": 0, "reciprocity": 0.01694915254237288, "reply_count": 0, "unique_users": 117, "reply_to_reply_proportion": 0.0, "reply_with_reply_proportion": 0.0, "follower_count": 751380}, "width": {"conversation_id": 1584564148939415552, "party": "Republican", "depth": 6, "size": 120, "width": 55, "average_clustering": 0.06, "density": 0.018290854572713643, "diameter": 5, "assortativity": 0.36199241934237986, "reciprocity": 0.0, "reply_count": 4, "unique_users": 116, "reply_to_reply_proportion": 0.5333333333333333, "reply_with_reply_proportion": 0.01818181818181818, "follower_count": 31288}}