{
    "depth": {
        "conversation_id": 1583903558126039040,
        "party": "Republican",
        "depth": 1,
        "size": 119,
        "width": 118,
        "average_clustering": 0.022,
        "density": 0.017541229385307347,
        "diameter": 4,
        "assortativity": 0,
        "reciprocity": 0.01694915254237288,
        "reply_count": 0,
        "unique_users": 117,
        "reply_to_reply_proportion": 0.0,
        "reply_with_reply_proportion": 0.0,
        "follower_count": 751380
    },
    "size": {
        "conversation_id": 1584932306988331009,
        "party": "Republican",
        "depth": 5,
        "size": 101,
        "width": 83,
        "average_clustering": 0.02,
        "density": 0.025243832472748137,
        "diameter": 6,
        "assortativity": 0.040730653998127836,
        "reciprocity": 0.044444444444444446,
        "reply_count": 0,
        "unique_users": 83,
        "reply_to_reply_proportion": 0.16831683168316833,
        "reply_with_reply_proportion": 0.060240963855421686,
        "follower_count": 114621
    },
    "width": {
        "conversation_id": 1584564148939415552,
        "party": "Republican",
        "depth": 6,
        "size": 120,
        "width": 55,
        "average_clustering": 0.06,
        "density": 0.018290854572713643,
        "diameter": 5,
        "assortativity": 0.36199241934237986,
        "reciprocity": 0.0,
        "reply_count": 4,
        "unique_users": 116,
        "reply_to_reply_proportion": 0.5333333333333333,
        "reply_with_reply_proportion": 0.01818181818181818,
        "follower_count": 31288
    },
    "average_clustering": {
        "conversation_id": 1583588262068617217,
        "party": "Republican",
        "depth": 2,
        "size": 174,
        "width": 172,
        "average_clustering": 0.0,
        "density": 0.011695906432748537,
        "diameter": 6,
        "assortativity": -0.5773502691896258,
        "reciprocity": 0.011695906432748537,
        "reply_count": 0,
        "unique_users": 181,
        "reply_to_reply_proportion": 0.005747126436781609,
        "reply_with_reply_proportion": 0.0,
        "follower_count": 2854548
    },
    "density": {
        "conversation_id": 1585043529189007362,
        "party": "Republican",
        "depth": 13,
        "size": 968,
        "width": 914,
        "average_clustering": 0.020202020202020204,
        "density": 0.002408829577405682,
        "diameter": 4,
        "assortativity": 0.344665774420975,
        "reciprocity": 0.004634994206257242,
        "reply_count": 0,
        "unique_users": 846,
        "reply_to_reply_proportion": 0.05475206611570248,
        "reply_with_reply_proportion": 0.007658643326039387,
        "follower_count": 364922
    },
    "diameter": {
        "conversation_id": 1585043525573709825,
        "party": "Republican",
        "depth": 6,
        "size": 131,
        "width": 104,
        "average_clustering": 0.132,
        "density": 0.023903508771929826,
        "diameter": 2,
        "assortativity": -0.6666666666666697,
        "reciprocity": 0.036036036036036036,
        "reply_count": 0,
        "unique_users": 96,
        "reply_to_reply_proportion": 0.1984732824427481,
        "reply_with_reply_proportion": 0.028846153846153848,
        "follower_count": 394684
    },
    "assortativity": {
        "conversation_id": 1585043525573709825,
        "party": "Republican",
        "depth": 6,
        "size": 131,
        "width": 104,
        "average_clustering": 0.132,
        "density": 0.023903508771929826,
        "diameter": 2,
        "assortativity": -0.6666666666666697,
        "reciprocity": 0.036036036036036036,
        "reply_count": 0,
        "unique_users": 96,
        "reply_to_reply_proportion": 0.1984732824427481,
        "reply_with_reply_proportion": 0.028846153846153848,
        "follower_count": 394684
    },
    "reciprocity": {
        "conversation_id": 1585042839842729984,
        "party": "Democrat",
        "depth": 3,
        "size": 353,
        "width": 324,
        "average_clustering": 0.04861111111111111,
        "density": 0.007254504235771388,
        "diameter": 5,
        "assortativity": -0.17802727871746388,
        "reciprocity": 0.0,
        "reply_count": 0,
        "unique_users": 290,
        "reply_to_reply_proportion": 0.07932011331444759,
        "reply_with_reply_proportion": 0.015432098765432098,
        "follower_count": 3471716
    },
    "reply_count": {
        "conversation_id": 1583843365233504257,
        "party": "Republican",
        "depth": 2,
        "size": 136,
        "width": 134,
        "average_clustering": 0.08414704192992534,
        "density": 0.01554083885209713,
        "diameter": 9,
        "assortativity": -0.20597589851480627,
        "reciprocity": 0.2660098522167488,
        "reply_count": 0,
        "unique_users": 159,
        "reply_to_reply_proportion": 0.007352941176470588,
        "reply_with_reply_proportion": 0.0,
        "follower_count": 740412
    },
    "unique_users": {
        "conversation_id": 1584547891125051392,
        "party": "Democrat",
        "depth": 6,
        "size": 106,
        "width": 67,
        "average_clustering": 0.105,
        "density": 0.040100250626566414,
        "diameter": 4,
        "assortativity": 0.17407765595569785,
        "reciprocity": 0.11764705882352941,
        "reply_count": 0,
        "unique_users": 57,
        "reply_to_reply_proportion": 0.3584905660377358,
        "reply_with_reply_proportion": 0.1044776119402985,
        "follower_count": 128184
    },
    "reply_to_reply_proportion": {
        "conversation_id": 1583903558126039040,
        "party": "Republican",
        "depth": 1,
        "size": 119,
        "width": 118,
        "average_clustering": 0.022,
        "density": 0.017541229385307347,
        "diameter": 4,
        "assortativity": 0,
        "reciprocity": 0.01694915254237288,
        "reply_count": 0,
        "unique_users": 117,
        "reply_to_reply_proportion": 0.0,
        "reply_with_reply_proportion": 0.0,
        "follower_count": 751380
    },
    "reply_with_reply_proportion": {
        "conversation_id": 1583843365233504257,
        "party": "Republican",
        "depth": 2,
        "size": 136,
        "width": 134,
        "average_clustering": 0.08414704192992534,
        "density": 0.01554083885209713,
        "diameter": 9,
        "assortativity": -0.20597589851480627,
        "reciprocity": 0.2660098522167488,
        "reply_count": 0,
        "unique_users": 159,
        "reply_to_reply_proportion": 0.007352941176470588,
        "reply_with_reply_proportion": 0.0,
        "follower_count": 740412
    }
}