{"depth": {"conversation_id": 1583073295183753216, "party": "Republican", "depth": 1, "size": 251, "width": 250, "average_clustering": 0.0, "density": 0.012048192771084338, "diameter": 3, "assortativity": 0, "reply_count": 0, "unique_users": 170, "reply_to_reply_proportion": 0.0, "echo_chamber_proportion": 0.0, "follower_count": 1642502}, "size": {"conversation_id": 1583050646185549825, "party": "Democrat", "depth": 1, "size": 102, "width": 101, "average_clustering": 0.0, "density": 0.019801980198019802, "diameter": 8, "assortativity": -0.2873684832428399, "reply_count": 0, "unique_users": 106, "reply_to_reply_proportion": 0.0, "echo_chamber_proportion": 0.0, "follower_count": 500827}, "width": {"conversation_id": 1584564148939415552, "party": "Republican", "depth": 6, "size": 120, "width": 55, "average_clustering": 0.069, "density": 0.018290854572713643, "diameter": 5, "assortativity": 0, "reply_count": 4, "unique_users": 116, "reply_to_reply_proportion": 0.5333333333333333, "echo_chamber_proportion": 0.01818181818181818, "follower_count": 31288}, "average_clustering": {"conversation_id": 1583073295183753216, "party": "Republican", "depth": 1, "size": 251, "width": 250, "average_clustering": 0.0, "density": 0.012048192771084338, "diameter": 3, "assortativity": 0, "reply_count": 0, "unique_users": 170, "reply_to_reply_proportion": 0.0, "echo_chamber_proportion": 0.0, "follower_count": 1642502}, "density": {"conversation_id": 1585043529189007362, "party": "Republican", "depth": 13, "size": 979, "width": 926, "average_clustering": 0.020209580838323353, "density": 0.002388697169338815, "diameter": 4, "assortativity": 0.06741998624632482, "reply_count": 0, "unique_users": 853, "reply_to_reply_proportion": 0.05311542390194075, "echo_chamber_proportion": 0.00755939524838013, "follower_count": 364922}, "diameter": {"conversation_id": 1585043525573709825, "party": "Republican", "depth": 6, "size": 127, "width": 102, "average_clustering": 0.14, "density": 0.023903508771929826, "diameter": 2, "assortativity": -0.7559289460184596, "reply_count": 0, "unique_users": 96, "reply_to_reply_proportion": 0.1889763779527559, "echo_chamber_proportion": 0.0196078431372549, "follower_count": 394684}, "assortativity": {"conversation_id": 1585060023947837440, "party": "Republican", "depth": 6, "size": 652, "width": 599, "average_clustering": 0.0280688622754491, "density": 0.0038690120059032347, "diameter": 4, "assortativity": -1.0000000000000029, "reply_count": 0, "unique_users": 549, "reply_to_reply_proportion": 0.07975460122699386, "echo_chamber_proportion": 0.015025041736227046, "follower_count": 1642502}, "reply_count": {"conversation_id": 1583157191422668800, "party": "Republican", "depth": 3, "size": 811, "width": 791, "average_clustering": 0.024385245901639343, "density": 0.002491365154860993, "diameter": 11, "assortativity": 0.3270775855888183, "reply_count": 0, "unique_users": 846, "reply_to_reply_proportion": 0.02342786683107275, "echo_chamber_proportion": 0.006321112515802781, "follower_count": 503896}, "unique_users": {"conversation_id": 1584547891125051392, "party": "Democrat", "depth": 6, "size": 107, "width": 68, "average_clustering": 0.103, "density": 0.03932244404113733, "diameter": 4, "assortativity": -0.5964809080634597, "reply_count": 0, "unique_users": 58, "reply_to_reply_proportion": 0.35514018691588783, "echo_chamber_proportion": 0.10294117647058823, "follower_count": 128184}, "reply_to_reply_proportion": {"conversation_id": 1583073295183753216, "party": "Republican", "depth": 1, "size": 251, "width": 250, "average_clustering": 0.0, "density": 0.012048192771084338, "diameter": 3, "assortativity": 0, "reply_count": 0, "unique_users": 170, "reply_to_reply_proportion": 0.0, "echo_chamber_proportion": 0.0, "follower_count": 1642502}, "echo_chamber_proportion": {"conversation_id": 1583171161357447168, "party": "Republican", "depth": 2, "size": 548, "width": 543, "average_clustering": 0.0024793388429752068, "density": 0.0038094416652291415, "diameter": 8, "assortativity": -0.5329387100211926, "reply_count": 0, "unique_users": 528, "reply_to_reply_proportion": 0.0072992700729927005, "echo_chamber_proportion": 0.0, "follower_count": 2854548}}